,Date Time,Apple_Price,Meta_Price,Tesla_Price,Google_Price,Nvidia_Price,Amazon_Price
1242,2019-02-04,42.81,169.25,20.86,57.07,37.3,81.67
1241,2019-02-05,43.55,171.16,21.42,57.59,37.49,82.94
1240,2019-02-06,43.56,170.49,21.15,56.14,38.25,82.01
1239,2019-02-07,42.73,166.38,20.5,55.3,36.85,80.72
1238,2019-02-08,42.6,167.33,20.39,55.12,37.04,79.41
1237,2019-02-11,42.36,165.79,20.86,55.11,36.61,79.55
1236,2019-02-12,42.72,165.04,20.79,56.38,37.79,81.9
1235,2019-02-13,42.55,164.07,20.54,56.43,38.22,82.0
1234,2019-02-14,42.7,163.95,20.25,56.46,38.63,81.13
1233,2019-02-15,42.6,162.5,20.53,55.98,39.34,80.4
1232,2019-02-19,42.73,162.29,20.38,56.33,39.16,81.38
1231,2019-02-20,43.01,162.56,20.17,56.03,39.64,81.11
1230,2019-02-21,42.77,160.04,19.42,55.21,38.94,80.97
1229,2019-02-22,43.24,161.89,19.65,55.83,39.8,81.58
1228,2019-02-25,43.56,164.62,19.92,55.87,39.67,81.65
1227,2019-02-26,43.58,164.13,19.86,56.1,39.27,81.82
1226,2019-02-27,43.72,162.81,20.98,56.14,38.85,82.05
1225,2019-02-28,43.29,161.45,21.33,56.33,38.56,81.99
1224,2019-03-01,43.74,162.28,19.65,57.43,39.11,83.59
1223,2019-03-04,43.96,167.37,19.02,57.67,39.2,84.81
1222,2019-03-05,43.88,171.26,18.44,58.46,39.13,84.62
1221,2019-03-06,43.63,172.51,18.42,58.25,38.01,83.45
1220,2019-03-07,43.12,169.13,18.44,57.54,37.31,81.3
1219,2019-03-08,43.23,169.6,18.94,57.5,37.66,81.04
1218,2019-03-11,44.73,172.07,19.39,58.96,40.28,83.53
1217,2019-03-12,45.23,171.92,18.89,59.86,40.63,83.66
1216,2019-03-13,45.43,173.37,19.26,59.95,42.16,84.54
1215,2019-03-14,45.93,170.17,19.33,59.63,41.39,84.31
1214,2019-03-15,46.53,165.98,18.36,59.52,42.45,85.62
1213,2019-03-18,47.01,160.47,17.97,59.43,42.24,87.11
1212,2019-03-19,46.63,161.57,17.83,60.12,43.93,88.09
1211,2019-03-20,47.04,165.44,18.24,61.32,43.6,89.86
1210,2019-03-21,48.77,166.08,18.27,61.81,45.98,90.96
1209,2019-03-22,47.76,164.34,17.64,60.38,44.38,88.24
1208,2019-03-25,47.19,166.29,17.36,59.87,43.45,88.71
1207,2019-03-26,46.7,167.68,17.85,59.49,44.22,89.19
1206,2019-03-27,47.12,165.87,18.32,58.9,44.12,88.28
1205,2019-03-28,47.18,165.55,18.57,58.61,44.31,88.67
1204,2019-03-29,47.49,166.69,18.66,58.84,44.89,89.04
1203,2019-04-01,47.81,168.7,19.28,59.95,45.57,90.71
1202,2019-04-02,48.51,174.2,19.06,60.28,45.75,90.7
1201,2019-04-03,48.84,173.54,19.45,60.54,47.16,91.03
1200,2019-04-04,48.92,176.02,17.85,60.97,47.06,90.94
1199,2019-04-05,49.25,175.72,18.33,60.57,47.74,91.86
1198,2019-04-08,50.02,174.93,18.21,60.41,47.95,92.49
1197,2019-04-09,49.88,177.58,18.15,60.13,47.31,91.79
1196,2019-04-10,50.16,177.82,18.4,60.32,48.02,92.37
1195,2019-04-11,49.74,177.51,17.89,60.48,47.88,92.2
1194,2019-04-12,49.72,179.1,17.85,61.14,47.5,92.15
1193,2019-04-15,49.81,179.65,17.76,61.33,46.17,92.24
1192,2019-04-16,49.81,178.87,18.22,61.6,47.05,93.15
1191,2019-04-17,50.78,178.78,18.08,62.01,46.82,93.24
1190,2019-04-18,50.97,178.28,18.22,62.07,46.58,93.08
1189,2019-04-22,51.13,181.44,17.52,62.69,47.12,94.37
1188,2019-04-23,51.87,183.78,17.59,63.53,47.67,96.19
1187,2019-04-24,51.79,182.58,17.24,63.0,47.79,95.09
1186,2019-04-25,51.32,193.26,16.51,63.37,46.73,95.11
1185,2019-04-26,51.08,191.49,15.68,63.87,44.52,97.53
1184,2019-04-29,51.15,194.78,16.1,64.81,44.83,96.92
1183,2019-04-30,50.17,193.4,15.91,59.95,45.25,96.33
1182,2019-05-01,52.63,193.03,15.6,58.67,45.12,95.58
1181,2019-05-02,52.29,192.53,16.27,58.33,45.8,95.04
1180,2019-05-03,52.94,195.47,17.0,59.48,45.75,98.12
1179,2019-05-06,52.12,193.88,17.02,59.67,44.96,97.53
1178,2019-05-07,50.72,189.77,16.47,58.94,43.28,96.05
1177,2019-05-08,50.73,189.54,16.32,58.54,43.48,95.89
1176,2019-05-09,50.18,188.65,16.13,58.4,42.55,94.99
1175,2019-05-10,49.3,188.34,15.97,58.38,42.2,94.5
1174,2019-05-13,46.43,181.54,15.13,56.83,39.61,91.13
1173,2019-05-14,47.16,180.73,15.49,56.24,40.51,92.01
1172,2019-05-15,47.73,186.27,15.46,58.54,39.9,93.56
1171,2019-05-16,47.52,186.99,15.22,59.23,40.05,95.38
1170,2019-05-17,47.25,185.3,14.07,58.44,39.13,93.45
1169,2019-05-20,45.77,182.72,13.69,57.23,37.94,92.95
1168,2019-05-21,46.65,184.82,13.67,57.72,38.77,92.88
1167,2019-05-22,45.7,185.32,12.85,57.79,38.05,92.98
1166,2019-05-23,44.91,180.87,13.03,57.27,36.83,90.77
1165,2019-05-24,44.74,181.06,12.71,56.93,36.29,91.16
1164,2019-05-28,44.56,184.31,12.58,56.98,35.83,91.82
1163,2019-05-29,44.34,182.19,12.66,56.0,35.09,90.96
1162,2019-05-30,44.58,183.01,12.55,56.07,34.78,90.82
1161,2019-05-31,43.77,177.47,12.34,55.33,33.87,88.75
1160,2019-06-03,43.33,164.15,11.93,51.94,33.45,84.63
1159,2019-06-04,44.91,167.5,12.91,52.72,35.75,86.48
1158,2019-06-05,45.63,168.17,13.11,52.23,35.32,86.92
1157,2019-06-06,46.3,168.33,13.73,52.39,35.95,87.72
1156,2019-06-07,47.54,173.35,13.63,53.42,36.38,90.2
1155,2019-06-10,48.15,174.82,14.19,54.14,37.11,93.03
1154,2019-06-11,48.7,178.1,14.47,54.05,37.69,93.19
1153,2019-06-12,48.55,175.04,13.95,53.95,36.55,92.77
1152,2019-06-13,48.54,177.47,14.26,54.55,37.06,93.52
1151,2019-06-14,48.19,181.33,14.33,54.31,36.16,93.48
1150,2019-06-17,48.47,189.01,15.0,54.69,36.26,94.3
1149,2019-06-18,49.61,188.47,14.98,55.26,38.22,95.07
1148,2019-06-19,49.47,187.48,15.1,55.23,38.28,95.44
1147,2019-06-20,49.87,189.53,14.64,55.66,38.52,95.91
1146,2019-06-21,49.7,191.14,14.79,56.27,37.94,95.56
1145,2019-06-24,49.65,192.6,14.91,55.84,38.16,95.69
1144,2019-06-25,48.89,188.84,14.65,54.38,37.87,93.91
1143,2019-06-26,49.95,187.66,14.62,54.02,39.81,94.89
1142,2019-06-27,49.94,189.5,14.86,53.83,40.81,95.21
1141,2019-06-28,49.48,193.0,14.9,54.14,41.06,94.68
1140,2019-07-01,50.39,193.0,15.14,55.0,41.54,96.11
1139,2019-07-02,50.68,195.0,14.97,55.63,40.56,96.72
1138,2019-07-03,51.1,197.2,15.66,56.15,40.69,96.95
1137,2019-07-05,51.06,196.4,15.54,56.63,40.06,97.15
1136,2019-07-08,50.01,195.76,15.36,55.84,39.3,97.62
1135,2019-07-09,50.31,199.21,15.34,56.21,39.33,99.42
1134,2019-07-10,50.81,202.73,15.93,57.05,40.02,100.87
1133,2019-07-11,50.44,201.23,15.91,57.2,41.57,100.05
1132,2019-07-12,50.83,204.87,16.34,57.27,41.9,100.55
1131,2019-07-15,51.3,203.91,16.9,57.53,41.82,101.05
1130,2019-07-16,51.12,203.84,16.83,57.67,41.77,100.5
1129,2019-07-17,50.84,201.8,16.99,57.34,42.43,99.6
1128,2019-07-18,51.41,200.78,16.9,57.36,42.55,98.89
1127,2019-07-19,50.65,198.36,17.21,56.58,42.11,98.23
1126,2019-07-22,51.8,202.32,17.05,56.96,42.83,99.28
1125,2019-07-23,52.21,202.36,17.34,57.4,43.91,99.72
1124,2019-07-24,52.17,204.66,17.66,56.99,44.66,100.04
1123,2019-07-25,51.76,200.71,15.25,56.8,43.34,98.69
1122,2019-07-26,51.94,199.75,15.2,62.26,43.77,97.15
1121,2019-07-29,52.42,195.94,15.72,62.09,43.7,95.62
1120,2019-07-30,52.2,197.04,16.15,61.4,43.86,94.93
1119,2019-07-31,53.26,194.23,16.11,60.91,42.18,93.34
1118,2019-08-01,52.11,192.73,15.59,60.59,41.23,92.77
1117,2019-08-02,51.01,189.02,15.62,59.82,40.3,91.16
1116,2019-08-05,48.34,181.73,15.22,57.74,37.7,88.26
1115,2019-08-06,49.25,184.51,15.38,58.55,38.09,89.39
1114,2019-08-07,49.76,185.15,15.56,58.8,38.47,89.67
1113,2019-08-08,50.86,190.16,15.89,60.31,39.56,91.64
1112,2019-08-09,50.25,187.85,15.67,59.45,38.55,90.38
1111,2019-08-12,50.12,185.37,15.27,58.73,37.86,89.25
1110,2019-08-13,52.24,188.45,15.67,59.84,39.01,91.22
1109,2019-08-14,50.69,179.71,14.64,58.21,37.52,88.15
1108,2019-08-15,50.44,182.59,14.38,58.47,37.19,88.81
1107,2019-08-16,51.62,183.7,14.66,58.96,39.89,89.63
1106,2019-08-19,52.59,186.17,15.12,60.02,42.7,90.81
1105,2019-08-20,52.59,183.81,15.06,59.18,41.97,90.07
1104,2019-08-21,53.16,183.55,14.72,59.58,42.81,91.18
1103,2019-08-22,53.12,182.04,14.81,59.58,42.87,90.28
1102,2019-08-23,50.66,177.75,14.09,57.68,40.61,87.48
1101,2019-08-26,51.62,180.36,14.33,58.56,41.36,88.44
1100,2019-08-27,51.04,181.3,14.27,58.54,40.45,88.09
1099,2019-08-28,51.38,181.76,14.37,58.69,40.3,88.21
1098,2019-08-29,52.25,185.57,14.78,59.71,41.75,89.32
1097,2019-08-30,52.19,185.67,15.04,59.53,41.88,88.81
1096,2019-09-03,51.42,182.39,15.0,58.48,41.04,89.49
1095,2019-09-04,52.3,187.14,14.71,59.11,42.19,90.03
1094,2019-09-05,53.32,190.9,15.31,60.61,44.94,92.04
1093,2019-09-06,53.31,187.49,15.16,60.32,44.66,91.68
1092,2019-09-09,53.54,188.76,15.45,60.26,45.12,91.57
1091,2019-09-10,54.17,186.17,15.7,60.28,45.8,91.03
1090,2019-09-11,55.9,188.49,16.47,61.0,46.08,91.15
1089,2019-09-12,55.77,187.47,16.39,61.75,46.07,92.18
1088,2019-09-13,54.69,187.19,16.35,62.0,45.48,91.97
1087,2019-09-16,54.98,186.22,16.19,61.58,45.05,90.39
1086,2019-09-17,55.17,188.08,16.32,61.49,45.27,91.13
1085,2019-09-18,55.69,188.14,16.23,61.63,44.99,90.87
1084,2019-09-19,55.24,190.14,16.44,61.94,44.23,91.08
1083,2019-09-20,54.43,189.93,16.04,61.49,43.17,89.71
1082,2019-09-23,54.68,186.82,16.08,61.73,43.71,89.27
1081,2019-09-24,54.42,181.28,14.88,60.92,43.13,87.08
1080,2019-09-25,55.26,182.8,15.25,62.3,44.56,88.42
1079,2019-09-26,54.97,180.11,16.17,62.11,44.34,86.99
1078,2019-09-27,54.7,177.1,16.14,61.3,42.94,86.27
1077,2019-09-30,55.99,178.08,16.06,61.06,43.52,86.8
1076,2019-10-01,56.15,175.81,16.31,60.3,43.5,86.78
1075,2019-10-02,54.74,174.6,16.21,58.9,43.26,85.66
1074,2019-10-03,55.2,179.38,15.54,59.47,45.33,86.22
1073,2019-10-04,56.75,180.45,15.43,60.55,45.49,86.98
1072,2019-10-07,56.77,179.68,15.85,60.41,46.08,86.63
1071,2019-10-08,56.1,177.75,16.0,59.51,44.31,85.28
1070,2019-10-09,56.76,179.85,16.3,60.12,45.18,86.1
1069,2019-10-10,57.52,180.03,16.32,60.47,45.76,86.01
1068,2019-10-11,59.05,184.19,16.53,60.79,46.5,86.6
1067,2019-10-14,58.97,183.28,17.13,60.89,46.63,86.82
1066,2019-10-15,58.83,188.89,17.19,62.11,49.09,88.37
1065,2019-10-16,58.59,189.55,17.32,62.15,48.55,88.87
1064,2019-10-17,58.82,190.39,17.46,62.64,48.57,89.37
1063,2019-10-18,59.1,185.85,17.13,62.22,47.62,87.88
1062,2019-10-21,60.13,189.76,16.9,62.21,49.0,89.28
1061,2019-10-22,59.99,182.34,17.04,62.06,48.9,88.29
1060,2019-10-23,60.8,186.15,16.98,62.88,48.77,88.11
1059,2019-10-24,60.9,186.38,19.98,62.96,49.22,89.04
1058,2019-10-25,61.65,187.89,21.88,63.22,51.13,88.07
1057,2019-10-28,62.26,189.4,21.85,64.45,51.7,88.85
1056,2019-10-29,60.82,189.31,21.08,63.03,50.73,88.14
1055,2019-10-30,60.81,188.25,21.0,63.03,50.75,89.0
1054,2019-10-31,62.19,191.65,20.99,62.94,50.26,88.83
1053,2019-11-01,63.95,193.62,20.89,63.61,50.65,89.57
1052,2019-11-04,64.38,194.72,21.16,64.48,52.62,90.23
1051,2019-11-05,64.28,194.32,21.15,64.57,52.4,90.09
1050,2019-11-06,64.31,191.55,21.77,64.55,51.91,89.79
1049,2019-11-07,64.86,190.42,22.37,65.35,52.09,89.41
1048,2019-11-08,65.03,190.84,22.48,65.45,51.95,89.29
1047,2019-11-11,65.55,189.61,23.01,64.91,52.05,88.58
1046,2019-11-12,65.49,194.47,23.33,64.86,52.4,88.9
1045,2019-11-13,66.12,193.19,23.07,64.81,52.14,87.66
1044,2019-11-14,65.66,193.15,23.29,65.46,52.45,87.73
1043,2019-11-15,66.44,195.1,23.48,66.68,51.05,86.97
1042,2019-11-18,66.78,197.4,23.33,65.99,53.07,87.63
1041,2019-11-19,66.57,199.32,23.97,65.63,52.0,87.64
1040,2019-11-20,65.8,197.51,23.48,65.09,52.8,87.28
1039,2019-11-21,65.5,197.93,23.66,65.01,52.55,86.74
1038,2019-11-22,65.44,198.82,22.2,64.68,52.72,87.29
1037,2019-11-25,66.59,199.79,22.42,65.28,55.3,88.69
1036,2019-11-26,66.07,198.97,21.93,65.65,54.25,89.85
1035,2019-11-27,66.96,202.0,22.09,65.61,54.56,90.93
1034,2019-11-29,66.81,201.64,22.0,65.2,54.19,90.04
1033,2019-12-02,66.04,199.7,22.32,64.44,52.31,89.08
1032,2019-12-03,64.86,198.82,22.41,64.74,51.91,88.5
1031,2019-12-04,65.44,198.71,22.2,65.95,52.35,88.03
1030,2019-12-05,66.39,199.36,22.02,66.35,52.19,87.02
1029,2019-12-06,67.68,201.05,22.39,66.97,53.04,87.58
1028,2019-12-09,66.73,201.34,22.64,67.15,53.04,87.48
1027,2019-12-10,67.12,200.87,23.26,67.14,53.49,86.96
1026,2019-12-11,67.69,202.26,23.51,67.21,54.34,87.44
1025,2019-12-12,67.86,196.75,23.98,67.42,56.02,88.02
1024,2019-12-13,68.79,194.11,23.89,67.34,56.0,88.05
1023,2019-12-16,69.97,197.92,25.43,68.03,56.29,88.46
1022,2019-12-17,70.1,198.39,25.27,67.74,57.07,89.53
1021,2019-12-18,69.94,202.5,26.21,67.6,57.38,89.2
1020,2019-12-19,70.0,206.06,26.94,67.82,58.87,89.61
1019,2019-12-20,69.86,206.3,27.04,67.56,59.84,89.33
1018,2019-12-23,71.0,206.18,27.95,67.53,59.7,89.65
1017,2019-12-24,71.07,205.12,28.35,67.22,59.66,89.46
1016,2019-12-26,72.48,207.79,28.73,68.12,59.8,93.44
1015,2019-12-27,72.45,208.1,28.69,67.73,59.22,93.49
1014,2019-12-30,72.88,204.41,27.65,66.99,58.08,92.34
1013,2019-12-31,73.41,205.25,27.89,66.97,58.83,92.39
1012,2020-01-02,75.09,209.78,28.68,68.43,59.98,94.9
1011,2020-01-03,74.36,208.67,29.53,68.08,59.02,93.75
1010,2020-01-06,74.95,212.6,30.1,69.89,59.27,95.14
1009,2020-01-07,74.6,213.06,31.27,69.76,59.98,95.34
1008,2020-01-08,75.8,215.22,32.81,70.25,60.09,94.6
1007,2020-01-09,77.41,218.3,32.09,70.99,60.76,95.05
1006,2020-01-10,77.58,218.06,31.88,71.45,61.08,94.16
1005,2020-01-13,79.24,221.91,34.99,72.0,62.99,94.56
1004,2020-01-14,78.17,219.06,35.86,71.53,61.82,93.47
1003,2020-01-15,77.83,221.15,34.57,71.96,61.39,93.1
1002,2020-01-16,78.81,221.77,34.23,72.51,62.23,93.9
1001,2020-01-17,79.68,222.14,34.03,73.98,62.32,93.24
1000,2020-01-21,79.14,221.44,36.48,74.11,61.98,94.6
999,2020-01-22,79.42,221.32,37.97,74.21,62.51,94.37
998,2020-01-23,79.81,219.76,38.15,74.23,63.22,94.23
997,2020-01-24,79.58,217.94,37.65,73.31,62.62,93.08
996,2020-01-27,77.24,214.87,37.2,71.59,60.05,91.42
995,2020-01-28,79.42,217.79,37.79,72.53,61.99,92.66
994,2020-01-29,81.08,223.23,38.73,72.83,61.38,92.9
993,2020-01-30,80.97,209.53,42.72,72.71,61.45,93.53
992,2020-01-31,77.38,201.91,43.37,71.64,59.11,100.44
991,2020-02-03,77.17,204.19,52.0,74.13,60.08,100.21
990,2020-02-04,79.71,209.83,59.14,72.27,61.78,102.48
989,2020-02-05,80.36,210.11,48.98,72.3,62.69,101.99
988,2020-02-06,81.3,210.85,49.93,73.8,63.56,102.51
987,2020-02-07,80.01,212.33,49.87,73.96,62.9,103.96
986,2020-02-10,80.39,213.06,51.42,75.43,65.74,106.7
985,2020-02-11,79.9,207.19,51.63,75.5,66.97,107.54
984,2020-02-12,81.8,210.76,51.15,75.93,68.14,108.0
983,2020-02-13,81.22,213.14,53.6,75.67,67.69,107.49
982,2020-02-14,81.24,214.18,53.34,75.94,72.45,106.74
981,2020-02-18,79.75,217.8,57.23,75.97,74.14,107.78
980,2020-02-19,80.91,217.49,61.16,76.24,78.67,108.51
979,2020-02-20,80.08,214.58,59.96,75.85,77.17,107.66
978,2020-02-21,78.26,210.18,60.07,74.17,73.52,104.8
977,2020-02-24,74.55,200.72,55.59,70.99,68.32,100.46
976,2020-02-25,72.02,196.77,53.33,69.32,65.51,98.64
975,2020-02-26,73.16,197.2,51.92,69.52,66.91,98.98
974,2020-02-27,68.38,189.75,45.27,65.75,63.15,94.22
973,2020-02-28,68.34,192.47,44.53,66.96,67.52,94.19
972,2020-03-02,74.7,196.44,49.57,69.32,69.11,97.7
971,2020-03-03,72.33,185.89,49.7,66.89,66.47,95.45
970,2020-03-04,75.69,191.76,49.97,69.08,71.13,98.79
969,2020-03-05,73.23,185.17,48.3,65.74,68.32,96.2
968,2020-03-06,72.26,181.09,46.9,64.79,66.51,95.05
967,2020-03-09,66.54,169.5,40.53,60.79,61.36,90.03
966,2020-03-10,71.33,178.19,43.02,63.76,65.27,94.59
965,2020-03-11,68.86,170.24,42.28,60.55,61.62,91.04
964,2020-03-12,62.06,154.47,37.37,55.58,54.08,83.83
963,2020-03-13,69.49,170.28,36.44,60.71,60.21,89.25
962,2020-03-16,60.55,146.01,29.67,53.65,49.1,84.46
961,2020-03-17,63.22,149.42,28.68,55.9,54.32,90.39
960,2020-03-18,61.67,146.96,24.08,54.56,50.7,91.5
959,2020-03-19,61.2,153.13,28.51,55.58,53.24,94.05
958,2020-03-20,57.31,149.73,28.5,53.41,51.44,92.3
957,2020-03-23,56.09,148.1,28.95,52.71,53.17,95.14
956,2020-03-24,61.72,160.98,33.67,56.5,62.3,97.0
955,2020-03-25,61.38,156.21,35.95,55.08,61.41,94.29
954,2020-03-26,64.61,163.34,35.21,58.15,64.31,97.77
953,2020-03-27,61.94,156.79,34.29,55.51,63.18,95.0
952,2020-03-30,63.7,165.95,33.48,57.32,66.4,98.2
951,2020-03-31,63.57,166.8,34.93,58.1,65.9,97.49
950,2020-04-01,60.23,159.6,32.1,55.1,60.77,95.39
949,2020-04-02,61.23,158.19,30.3,55.85,63.87,95.94
948,2020-04-03,60.35,154.18,32.0,54.63,60.98,95.33
947,2020-04-06,65.62,165.55,34.42,59.16,67.1,99.88
946,2020-04-07,64.86,168.83,36.36,59.13,64.76,100.58
945,2020-04-08,66.52,174.28,36.59,60.35,66.74,102.15
944,2020-04-09,67.0,175.19,38.2,60.33,65.74,102.14
943,2020-04-13,68.31,174.79,43.4,60.52,67.46,108.44
942,2020-04-14,71.76,178.17,47.33,63.26,70.99,114.17
941,2020-04-15,71.11,176.97,48.66,62.87,70.21,115.38
940,2020-04-16,71.67,176.25,49.68,62.87,73.67,120.41
939,2020-04-17,70.7,179.24,50.26,63.95,73.08,118.75
938,2020-04-20,69.23,178.24,49.76,63.06,71.76,119.68
937,2020-04-21,67.09,170.8,45.78,60.61,67.38,116.41
936,2020-04-22,69.03,182.28,48.81,62.92,71.54,118.17
935,2020-04-23,68.76,185.13,47.04,63.56,71.0,119.97
934,2020-04-24,70.74,190.07,48.34,63.83,72.4,120.51
933,2020-04-27,70.79,187.5,53.25,63.54,74.27,118.8
932,2020-04-28,69.64,182.91,51.27,61.63,72.84,115.7
931,2020-04-29,71.93,194.19,53.37,67.11,74.61,118.64
930,2020-04-30,73.45,204.71,52.13,67.33,73.07,123.7
929,2020-05-01,72.27,202.27,46.75,65.87,70.69,114.3
928,2020-05-04,73.29,205.26,50.75,66.14,72.82,115.8
927,2020-05-05,74.39,207.07,51.21,67.45,73.44,115.89
926,2020-05-06,75.16,208.47,52.17,67.27,74.45,117.56
925,2020-05-07,75.94,211.26,52.0,68.46,76.22,118.38
924,2020-05-08,77.53,212.35,54.63,69.22,78.12,118.98
923,2020-05-11,78.75,213.18,54.09,70.18,80.66,120.45
922,2020-05-12,77.85,210.1,53.96,68.76,78.03,117.85
921,2020-05-13,76.91,205.1,52.73,67.42,77.8,118.4
920,2020-05-14,77.39,206.81,53.56,67.84,80.31,119.44
919,2020-05-15,76.93,210.88,53.28,68.65,84.91,120.49
918,2020-05-18,78.74,213.19,54.24,69.26,87.5,121.31
917,2020-05-19,78.28,216.88,53.87,68.72,88.06,122.47
916,2020-05-20,79.81,229.97,54.37,70.46,89.7,124.9
915,2020-05-21,79.21,231.39,55.17,70.34,87.75,122.34
914,2020-05-22,79.72,234.91,54.46,70.66,90.26,121.84
913,2020-05-27,79.53,229.14,54.68,71.01,85.25,120.52
912,2020-05-28,79.56,225.46,53.72,70.91,84.87,120.06
911,2020-05-29,79.48,225.09,55.67,71.68,88.75,122.12
910,2020-06-01,80.46,231.91,59.87,71.74,88.06,123.55
909,2020-06-02,80.83,232.72,58.77,72.12,88.25,123.62
908,2020-06-03,81.28,230.16,58.86,71.96,87.69,123.92
907,2020-06-04,80.58,226.29,57.63,70.72,87.67,123.03
906,2020-06-05,82.88,230.77,59.04,72.0,89.2,124.15
905,2020-06-08,83.36,231.4,63.33,72.4,88.05,126.2
904,2020-06-09,86.0,238.67,62.71,72.6,90.46,130.04
903,2020-06-10,88.21,236.73,68.34,73.23,93.67,132.37
902,2020-06-11,83.97,224.43,64.86,70.09,87.96,127.9
901,2020-06-12,84.7,228.58,62.35,70.65,89.33,127.25
900,2020-06-15,85.75,232.5,66.06,71.04,91.74,128.63
899,2020-06-16,88.02,235.65,65.48,72.32,90.69,130.76
898,2020-06-17,87.9,235.53,66.12,72.63,92.36,132.05
897,2020-06-18,87.93,235.94,66.93,71.71,92.18,132.7
896,2020-06-19,87.43,238.79,66.73,71.23,92.61,133.75
895,2020-06-22,89.72,239.22,66.29,72.53,95.27,135.69
894,2020-06-23,91.63,242.24,66.79,73.2,94.5,138.22
893,2020-06-24,90.02,234.02,64.06,71.64,92.36,136.72
892,2020-06-25,91.21,235.68,65.73,72.06,94.9,137.73
891,2020-06-26,88.41,216.08,63.98,68.13,91.55,134.64
890,2020-06-29,90.44,220.64,67.29,69.86,92.0,134.02
889,2020-06-30,91.2,227.07,71.99,70.9,94.98,137.94
888,2020-07-01,91.03,237.55,74.64,72.1,95.3,143.94
887,2020-07-02,91.03,233.42,80.58,73.5,96.12,144.51
886,2020-07-07,93.17,240.86,92.66,74.5,98.72,150.01
885,2020-07-08,95.34,243.58,91.06,75.18,102.16,154.06
884,2020-07-09,95.68,244.5,92.95,75.93,105.09,159.13
883,2020-07-10,95.92,245.07,102.98,76.95,104.79,160.0
882,2020-07-13,95.48,239.0,99.8,75.61,100.52,155.2
881,2020-07-14,97.06,239.73,101.12,76.04,103.77,154.2
880,2020-07-15,97.72,240.28,103.07,75.84,102.27,150.44
879,2020-07-16,96.52,240.93,100.04,75.75,101.35,150.0
878,2020-07-17,96.33,242.03,100.06,75.84,102.02,148.1
877,2020-07-20,98.36,245.42,109.53,78.19,105.11,159.84
876,2020-07-21,97.0,241.75,104.56,77.8,103.29,156.91
875,2020-07-22,97.27,239.87,106.16,78.24,104.39,155.0
874,2020-07-23,92.84,232.6,100.87,75.84,101.3,149.33
873,2020-07-24,92.61,230.71,94.47,75.41,101.94,150.45
872,2020-07-27,94.81,233.5,102.64,76.47,104.21,152.76
871,2020-07-28,93.25,230.12,98.43,75.18,102.15,150.02
870,2020-07-29,95.04,233.29,99.94,76.18,104.65,151.68
869,2020-07-30,96.19,234.5,99.17,76.92,106.14,152.59
868,2020-07-31,106.26,253.67,95.38,74.4,106.15,158.23
867,2020-08-03,108.94,251.96,99.0,74.14,110.1,155.59
866,2020-08-04,109.67,249.83,99.13,73.67,112.28,156.94
865,2020-08-05,110.06,249.12,99.0,73.95,112.87,160.25
864,2020-08-06,113.9,265.28,99.31,75.25,113.36,161.25
863,2020-08-07,111.11,268.44,96.85,74.92,112.0,158.37
862,2020-08-10,112.73,263.0,94.57,74.84,111.65,157.41
861,2020-08-11,109.38,256.13,91.63,74.03,108.5,154.03
860,2020-08-12,113.01,259.89,103.65,75.36,114.4,158.11
859,2020-08-13,115.01,261.3,108.07,75.83,114.43,158.05
858,2020-08-14,114.91,261.24,110.05,75.23,115.64,157.4
857,2020-08-17,114.61,261.16,122.38,75.81,123.37,159.12
856,2020-08-18,115.56,262.34,125.81,77.79,122.61,165.62
855,2020-08-19,115.71,262.59,125.24,77.23,121.39,163.02
854,2020-08-20,118.28,269.01,133.46,78.81,121.41,164.87
853,2020-08-21,124.37,267.01,136.67,78.78,126.83,164.24
852,2020-08-24,125.86,271.39,134.28,79.26,127.2,165.37
851,2020-08-25,124.83,280.82,134.89,80.29,127.5,167.32
850,2020-08-26,126.52,303.91,143.54,82.21,127.73,172.09
849,2020-08-27,125.01,293.22,149.25,81.43,126.28,170.0
848,2020-08-28,124.81,293.66,147.56,81.97,131.48,170.09
847,2020-08-31,129.04,293.2,166.11,81.48,133.74,172.55
846,2020-09-01,134.18,295.44,158.35,82.75,138.21,174.96
845,2020-09-02,131.4,302.5,149.12,85.87,143.46,176.57
844,2020-09-03,120.88,291.12,135.67,81.48,130.15,168.4
843,2020-09-04,120.96,282.73,139.44,79.06,126.22,164.73
842,2020-09-09,117.32,273.72,122.09,77.36,127.15,163.43
841,2020-09-10,113.49,268.09,123.78,76.3,123.12,158.76
840,2020-09-11,112.0,266.61,124.24,75.79,121.64,155.81
839,2020-09-14,115.36,266.15,139.87,75.44,128.72,155.15
838,2020-09-15,115.54,272.42,149.92,76.76,129.91,157.81
837,2020-09-16,112.13,263.52,147.25,75.6,125.14,153.91
836,2020-09-17,110.34,254.82,141.14,74.35,124.64,150.44
835,2020-09-18,106.84,252.53,147.38,72.55,121.89,147.75
834,2020-09-21,110.08,248.15,149.8,71.51,125.17,148.02
833,2020-09-22,111.81,254.75,141.41,72.99,126.38,156.45
832,2020-09-23,107.12,249.02,126.79,70.47,121.24,149.99
831,2020-09-24,108.22,249.53,129.26,71.14,123.48,150.99
830,2020-09-25,112.28,254.82,135.78,71.95,128.74,154.76
829,2020-09-28,114.96,256.82,140.4,72.93,130.35,158.7
828,2020-09-29,114.09,261.79,139.69,73.3,132.26,157.24
827,2020-09-30,115.81,261.9,143.0,73.28,135.3,157.44
826,2020-10-01,116.79,266.63,149.39,74.39,136.15,161.06
825,2020-10-02,113.02,259.94,138.36,72.78,130.62,156.25
824,2020-10-05,116.5,264.65,141.89,74.14,136.43,159.96
823,2020-10-06,113.16,258.66,137.99,72.55,137.37,155.0
822,2020-10-07,115.08,258.12,141.77,72.96,139.64,159.78
821,2020-10-08,114.97,263.76,141.97,74.17,138.39,159.53
820,2020-10-09,116.97,264.45,144.67,75.52,137.63,164.33
819,2020-10-12,124.4,275.75,147.43,78.23,142.26,172.15
818,2020-10-13,121.1,276.14,148.88,78.35,142.48,172.18
817,2020-10-14,121.19,271.82,153.77,78.17,140.95,168.19
816,2020-10-15,120.71,266.72,149.63,77.77,139.7,166.93
815,2020-10-16,119.02,265.93,146.56,78.39,138.12,163.64
814,2020-10-19,115.98,261.4,143.61,76.5,134.98,160.36
813,2020-10-20,117.51,267.56,140.65,77.55,136.46,160.85
812,2020-10-21,116.87,278.73,140.88,79.3,135.25,159.25
811,2020-10-22,115.75,278.12,141.93,80.33,133.61,158.82
810,2020-10-23,115.04,284.79,140.21,81.65,135.9,160.22
809,2020-10-26,115.05,277.11,140.09,79.21,131.41,160.35
808,2020-10-27,116.6,283.29,141.56,79.94,133.97,164.32
807,2020-10-28,111.2,267.67,135.34,75.54,126.27,158.14
806,2020-10-29,115.32,280.83,136.94,77.84,130.24,160.55
805,2020-10-30,108.86,263.11,129.35,80.81,125.34,151.81
804,2020-11-02,108.77,261.36,133.5,81.22,125.81,150.22
803,2020-11-03,110.44,265.3,141.3,82.28,130.2,152.42
802,2020-11-04,114.95,287.38,140.33,87.29,137.94,162.06
801,2020-11-05,119.03,294.68,146.03,88.13,141.6,166.1
800,2020-11-06,118.69,293.41,143.32,87.99,145.62,165.57
799,2020-11-09,116.32,278.77,140.42,88.07,136.31,157.19
798,2020-11-10,115.97,272.43,136.79,86.89,127.7,151.75
797,2020-11-11,119.49,276.48,139.04,87.36,134.18,156.87
796,2020-11-12,119.21,275.08,137.25,87.14,134.57,155.51
795,2020-11-13,119.26,276.95,136.17,88.61,132.97,156.44
794,2020-11-16,120.3,278.96,136.03,88.7,135.15,156.55
793,2020-11-17,119.39,275.0,147.2,88.08,134.22,156.78
792,2020-11-18,118.03,271.97,162.21,87.03,134.29,155.27
791,2020-11-19,118.64,272.94,166.42,87.93,134.4,155.85
790,2020-11-20,117.34,269.7,163.2,86.82,130.88,154.97
789,2020-11-23,113.85,268.43,173.95,86.38,131.4,154.92
788,2020-11-24,115.17,276.92,185.13,88.19,129.58,155.9
787,2020-11-25,116.03,275.59,191.33,88.21,132.35,159.25
786,2020-11-30,119.05,276.97,189.2,87.72,134.01,158.4
785,2020-12-01,122.72,286.55,194.92,89.77,133.9,161.0
784,2020-12-02,123.08,287.52,189.61,91.25,135.45,160.18
783,2020-12-03,122.94,281.85,197.79,91.09,133.96,159.34
782,2020-12-04,122.25,279.7,199.68,91.19,135.58,158.13
781,2020-12-07,123.75,285.58,213.92,90.85,136.07,157.9
780,2020-12-08,124.38,283.4,216.63,90.57,133.5,158.86
779,2020-12-09,121.78,277.92,201.49,88.89,129.31,155.21
778,2020-12-10,123.24,277.12,209.02,88.38,129.72,155.07
777,2020-12-11,122.41,273.55,203.33,88.74,130.13,155.82
776,2020-12-14,121.78,274.19,213.28,87.61,133.09,157.85
775,2020-12-15,127.88,275.55,211.08,88.05,133.6,158.26
774,2020-12-16,127.81,275.67,207.59,87.86,132.43,162.05
773,2020-12-17,128.7,274.48,218.63,87.03,133.41,161.8
772,2020-12-18,126.65,276.4,231.67,86.31,132.72,160.08
771,2020-12-21,128.23,272.79,216.62,86.73,133.32,160.31
770,2020-12-22,131.88,267.09,213.45,86.01,132.78,160.33
769,2020-12-23,130.96,268.11,215.33,86.41,130.09,159.26
768,2020-12-24,131.97,267.4,220.59,86.71,129.94,158.63
767,2020-12-28,136.69,277.0,221.23,88.7,129.0,164.2
766,2020-12-29,134.87,276.78,222.0,87.89,129.43,166.1
765,2020-12-30,133.72,271.87,231.59,86.81,131.46,164.29
764,2020-12-31,132.69,273.16,235.22,87.63,130.55,162.85
763,2021-01-04,129.41,268.94,243.26,86.31,131.13,159.33
762,2021-01-05,131.01,270.97,245.04,87.0,134.05,160.93
761,2021-01-06,126.6,263.31,251.99,86.14,126.14,156.92
760,2021-01-07,130.92,268.74,272.01,88.72,133.44,158.11
759,2021-01-08,132.05,267.57,293.34,89.89,132.77,159.13
758,2021-01-11,128.98,256.84,270.4,87.81,136.21,155.71
757,2021-01-12,128.8,251.09,283.15,86.87,134.85,156.04
756,2021-01-13,130.89,251.64,284.8,87.36,135.32,158.29
755,2021-01-14,128.91,245.64,281.67,86.55,132.0,156.37
754,2021-01-15,127.14,251.36,275.39,86.38,128.6,155.21
753,2021-01-20,132.03,267.48,283.48,94.0,133.66,163.17
752,2021-01-21,136.87,272.87,281.66,94.21,138.68,165.35
751,2021-01-22,139.07,274.5,282.21,94.63,137.13,164.61
750,2021-01-25,142.92,278.01,293.6,94.71,136.53,164.7
749,2021-01-26,143.16,282.05,294.36,95.4,134.35,166.31
748,2021-01-27,142.06,272.14,288.05,90.95,129.18,161.63
747,2021-01-28,137.09,265.0,278.48,92.66,130.51,161.88
746,2021-01-29,131.96,258.33,264.51,91.37,129.9,160.31
745,2021-02-01,134.14,262.01,279.94,94.65,132.37,167.14
744,2021-02-02,134.99,267.08,290.93,95.96,135.57,169.0
743,2021-02-03,133.94,266.65,284.9,102.94,135.3,165.63
742,2021-02-04,137.39,266.49,283.33,102.68,136.64,166.55
741,2021-02-05,136.76,268.1,284.08,104.44,135.91,167.61
740,2021-02-08,136.91,266.58,287.81,104.23,144.39,166.15
739,2021-02-09,136.01,269.45,283.15,103.77,142.63,165.25
738,2021-02-10,135.39,271.87,268.27,104.32,147.64,164.33
737,2021-02-11,135.13,270.39,270.55,104.44,152.51,163.11
736,2021-02-12,135.37,270.5,272.04,104.75,149.61,163.89
735,2021-02-17,130.84,273.57,266.05,105.93,149.06,165.43
734,2021-02-18,129.71,269.39,262.46,105.29,148.29,166.41
733,2021-02-19,129.87,261.56,260.43,104.44,149.26,162.5
732,2021-02-22,126.0,260.33,238.17,102.71,143.56,159.04
731,2021-02-23,125.86,265.86,232.95,103.01,141.42,159.72
730,2021-02-24,125.35,264.31,247.34,104.19,144.99,157.98
729,2021-02-25,120.99,254.69,227.41,100.8,133.07,152.86
728,2021-02-26,121.26,257.62,225.17,101.1,137.15,154.65
727,2021-03-01,127.79,264.91,239.48,103.48,138.42,157.31
726,2021-03-02,125.12,259.0,228.81,103.22,134.06,154.73
725,2021-03-03,122.06,255.41,217.73,100.57,128.05,150.25
724,2021-03-04,120.13,257.64,207.15,101.7,123.7,148.88
723,2021-03-05,121.42,264.28,199.32,104.85,124.61,150.02
722,2021-03-08,116.36,255.31,187.67,100.38,115.93,147.6
721,2021-03-09,121.08,265.74,224.53,102.02,125.2,153.14
720,2021-03-10,119.98,264.9,222.69,101.81,124.68,152.88
719,2021-03-11,121.96,273.88,233.2,105.03,129.93,155.68
718,2021-03-12,121.03,268.4,231.24,102.5,128.56,154.47
717,2021-03-15,123.99,273.75,235.98,102.72,131.91,154.08
716,2021-03-16,125.57,279.28,225.63,104.19,132.91,154.59
715,2021-03-17,124.76,284.01,233.94,104.11,133.41,156.79
714,2021-03-18,120.53,278.62,217.72,101.07,127.22,151.4
713,2021-03-19,119.99,290.11,218.29,101.35,128.46,153.75
712,2021-03-22,123.39,293.54,223.33,101.53,131.86,155.54
711,2021-03-23,122.54,290.63,220.72,102.07,130.71,156.88
710,2021-03-24,120.09,282.14,210.09,101.63,126.43,154.35
709,2021-03-25,120.59,278.74,213.46,101.62,125.35,152.31
708,2021-03-26,121.21,283.02,206.24,101.24,128.39,152.6
707,2021-03-29,121.39,290.82,203.76,102.29,129.48,153.79
706,2021-03-30,119.9,288.0,211.87,102.32,128.72,152.76
705,2021-03-31,122.15,294.53,222.64,103.13,133.48,154.7
704,2021-04-01,123.0,298.66,220.58,106.49,138.12,158.05
703,2021-04-05,125.9,308.91,230.35,110.95,139.88,161.34
702,2021-04-06,126.21,306.26,230.54,110.46,138.62,161.19
701,2021-04-07,127.9,313.09,223.66,111.95,141.43,163.97
700,2021-04-08,130.36,313.02,227.93,112.52,143.17,164.97
699,2021-04-09,132.99,312.46,225.67,113.53,144.0,168.61
698,2021-04-12,131.24,311.54,233.99,112.23,152.09,168.97
697,2021-04-13,134.43,309.76,254.11,112.72,156.79,170.0
696,2021-04-14,132.03,302.82,244.08,112.1,152.77,166.65
695,2021-04-15,134.5,307.82,246.28,114.26,161.37,168.95
694,2021-04-16,134.16,306.18,246.59,114.14,159.13,169.97
693,2021-04-19,134.84,302.24,238.21,114.49,153.62,168.6
692,2021-04-20,133.11,302.65,239.66,113.95,151.71,166.73
691,2021-04-21,133.5,301.47,248.04,113.92,153.6,168.1
690,2021-04-22,131.94,296.52,239.9,112.63,148.5,165.45
689,2021-04-23,134.32,301.13,243.13,115.0,152.65,167.04
688,2021-04-26,134.72,303.04,246.07,115.5,154.78,170.45
687,2021-04-27,134.39,303.57,234.91,114.55,153.82,170.87
686,2021-04-28,133.58,307.1,231.47,117.95,152.77,172.93
685,2021-04-29,133.48,329.51,225.67,119.64,153.25,173.57
684,2021-04-30,131.46,325.08,236.48,117.68,150.1,173.37
683,2021-05-03,132.54,322.58,228.3,117.15,148.37,169.32
682,2021-05-04,127.85,318.36,224.53,115.34,143.51,165.59
681,2021-05-05,128.1,315.02,223.65,115.74,144.59,163.53
680,2021-05-06,129.74,320.02,221.18,116.87,145.23,165.32
679,2021-05-07,130.21,319.08,224.12,117.6,148.12,164.58
678,2021-05-10,126.85,305.97,209.68,114.59,142.66,159.52
677,2021-05-11,125.91,306.53,205.73,113.5,143.06,161.2
676,2021-05-12,122.77,302.55,196.63,110.01,137.59,157.6
675,2021-05-13,124.97,305.26,190.56,111.45,136.65,158.07
674,2021-05-14,127.45,315.94,196.58,113.92,142.43,161.15
673,2021-05-17,126.27,315.46,192.28,114.45,141.65,163.52
672,2021-05-18,124.85,309.96,192.62,113.12,140.16,161.61
671,2021-05-19,124.69,313.59,187.82,113.57,140.66,161.59
670,2021-05-20,127.31,318.61,195.59,115.35,146.13,162.38
669,2021-05-21,125.43,316.23,193.63,114.71,149.92,160.15
668,2021-05-24,127.1,324.63,202.15,118.05,156.12,162.25
667,2021-05-25,126.9,327.79,201.56,118.14,156.48,162.95
666,2021-05-26,126.85,327.66,206.38,119.02,157.0,163.26
665,2021-05-27,125.28,332.75,210.28,118.13,154.88,161.51
664,2021-05-28,124.61,328.73,208.41,117.84,162.45,161.15
663,2021-06-02,125.06,329.15,201.71,118.53,167.78,161.7
662,2021-06-03,123.54,326.04,190.95,117.38,169.7,159.35
661,2021-06-04,125.89,330.35,199.68,119.68,175.78,160.31
660,2021-06-07,125.9,336.58,201.71,120.11,176.19,159.9
659,2021-06-08,126.74,333.68,201.2,119.92,174.57,163.21
658,2021-06-09,127.13,330.25,199.59,120.4,173.58,164.06
657,2021-06-10,126.11,332.46,203.37,121.76,174.25,167.48
656,2021-06-11,127.35,331.26,203.3,121.51,178.25,167.34
655,2021-06-14,130.48,336.77,205.9,122.45,180.19,169.19
654,2021-06-15,129.64,336.75,199.79,121.42,177.88,169.16
653,2021-06-16,130.15,331.08,201.62,120.77,178.1,170.76
652,2021-06-17,131.79,336.51,205.53,121.74,186.57,174.46
651,2021-06-18,130.46,329.66,207.77,120.11,186.39,174.34
650,2021-06-21,132.3,332.29,206.94,121.81,184.27,172.7
649,2021-06-22,133.98,339.03,207.9,122.33,188.87,175.27
648,2021-06-23,133.7,340.59,218.86,122.13,190.57,175.19
647,2021-06-24,133.41,343.18,226.61,122.5,192.05,172.45
646,2021-06-25,133.11,341.37,223.96,122.51,190.31,170.07
645,2021-06-28,134.78,355.64,229.57,122.54,199.85,172.19
644,2021-06-29,136.33,351.89,226.92,122.27,200.27,172.41
643,2021-06-30,136.96,347.71,226.57,122.09,200.02,172.01
642,2021-07-01,137.27,354.39,225.97,122.44,202.12,171.65
641,2021-07-02,139.96,354.7,226.3,125.26,204.87,175.55
640,2021-07-07,144.57,350.49,214.88,126.47,203.72,184.83
639,2021-07-08,143.24,345.65,217.6,125.04,199.03,186.57
638,2021-07-09,145.11,350.42,218.98,125.52,200.5,185.97
637,2021-07-12,144.5,353.16,228.57,126.98,205.13,185.93
636,2021-07-13,145.64,352.09,222.85,127.34,202.5,183.87
635,2021-07-14,149.15,347.63,217.79,128.24,198.41,184.08
634,2021-07-15,148.48,344.46,216.87,127.0,189.66,181.56
633,2021-07-16,146.39,341.16,214.74,126.97,181.61,178.68
632,2021-07-19,142.45,336.95,215.41,124.58,187.8,177.48
631,2021-07-20,146.15,341.66,220.17,126.21,186.12,178.66
630,2021-07-21,145.4,346.23,218.43,127.55,194.1,179.26
629,2021-07-22,146.8,351.19,216.42,128.42,195.94,181.9
628,2021-07-23,148.56,369.79,214.46,133.01,195.58,182.83
627,2021-07-26,148.99,372.46,219.21,134.04,192.94,184.99
626,2021-07-27,146.77,367.81,214.93,131.9,192.08,181.32
625,2021-07-28,144.98,373.28,215.66,136.09,195.03,181.52
624,2021-07-29,145.64,358.32,225.78,135.78,196.62,180.0
623,2021-07-30,145.86,356.3,229.07,134.73,194.99,166.38
622,2021-08-02,145.52,351.95,236.56,134.85,197.5,166.57
621,2021-08-03,147.36,351.24,236.58,135.63,198.15,168.31
620,2021-08-04,146.95,358.92,236.97,135.13,202.74,167.74
619,2021-08-05,147.06,362.97,238.21,136.25,206.37,168.8
618,2021-08-06,146.14,363.51,233.03,135.74,203.66,167.25
617,2021-08-09,146.09,361.61,237.92,136.91,202.95,167.09
616,2021-08-10,145.6,361.13,236.66,136.81,199.36,166.03
615,2021-08-11,145.86,359.96,235.94,136.28,196.99,164.61
614,2021-08-12,148.89,362.65,240.75,137.19,199.05,165.18
613,2021-08-13,149.1,363.18,239.06,137.73,201.88,164.7
612,2021-08-16,151.12,366.56,228.72,138.31,199.5,164.95
611,2021-08-17,150.19,358.45,221.9,136.66,194.58,162.1
610,2021-08-18,146.36,355.45,229.66,135.45,190.4,160.06
609,2021-08-19,146.7,355.12,224.49,135.68,197.98,159.39
608,2021-08-20,148.19,359.37,226.75,137.43,208.16,160.0
607,2021-08-23,149.71,363.35,235.43,140.04,219.58,163.29
606,2021-08-24,149.62,365.51,236.16,141.26,217.93,165.29
605,2021-08-25,148.36,368.39,237.07,142.08,222.13,164.96
604,2021-08-26,147.54,364.38,233.72,141.44,220.68,165.8
603,2021-08-27,148.6,372.63,237.31,144.0,226.36,167.48
602,2021-08-30,153.12,380.66,243.64,144.59,226.88,171.08
601,2021-08-31,151.83,379.38,245.24,144.7,223.85,173.54
600,2021-09-01,152.51,382.05,244.7,145.22,224.41,173.95
599,2021-09-02,153.65,375.28,244.13,143.29,223.96,173.16
598,2021-09-03,154.3,376.26,244.52,143.74,228.43,173.9
597,2021-09-08,155.11,377.57,251.29,143.69,223.39,176.28
596,2021-09-09,154.07,378.0,251.62,143.54,221.77,174.21
595,2021-09-10,148.97,378.69,245.42,140.88,224.78,173.46
594,2021-09-13,149.55,376.51,247.67,142.33,221.52,172.86
593,2021-09-14,148.12,376.53,248.16,142.54,222.42,172.5
592,2021-09-15,149.03,373.92,251.94,144.43,223.41,173.79
591,2021-09-16,148.79,373.06,252.33,143.61,222.42,174.41
590,2021-09-17,146.06,364.72,253.16,140.8,219.0,173.13
589,2021-09-20,142.94,355.7,243.39,138.72,211.13,167.79
588,2021-09-21,143.43,357.48,246.46,139.03,212.46,167.18
587,2021-09-22,145.85,343.21,250.65,140.28,219.41,169.0
586,2021-09-23,146.83,345.96,251.21,141.22,224.82,170.8
585,2021-09-24,146.92,352.96,258.13,142.21,220.81,171.28
584,2021-09-27,145.37,353.58,263.79,141.07,216.6,170.29
583,2021-09-28,141.91,340.65,259.19,135.83,206.99,165.8
582,2021-09-29,142.83,339.61,260.44,134.35,205.17,165.06
581,2021-09-30,141.5,339.39,258.49,133.68,207.16,164.25
580,2021-10-01,142.65,343.01,258.41,136.54,207.42,164.16
579,2021-10-04,139.14,326.23,260.51,133.66,197.32,159.49
578,2021-10-05,141.11,332.96,260.2,136.02,204.51,161.05
577,2021-10-06,142.0,333.64,260.92,137.57,207.0,163.1
576,2021-10-07,143.29,329.22,264.54,139.23,210.75,165.12
575,2021-10-08,142.9,330.05,261.83,139.79,208.31,164.43
574,2021-10-11,142.81,325.45,263.98,138.91,206.95,162.31
573,2021-10-12,141.51,323.77,268.57,136.45,206.71,162.37
572,2021-10-13,140.91,324.54,270.36,137.58,209.39,164.21
571,2021-10-14,143.76,328.53,272.77,141.15,217.46,164.99
570,2021-10-15,144.84,324.76,281.01,141.37,218.62,170.45
569,2021-10-18,146.55,335.34,290.04,142.78,222.22,172.34
568,2021-10-19,148.76,339.99,288.09,143.24,222.9,172.21
567,2021-10-20,149.26,340.78,288.6,141.77,221.03,170.75
566,2021-10-21,149.48,341.88,298.0,141.89,226.92,171.75
565,2021-10-22,148.69,324.61,303.23,137.57,227.26,166.78
564,2021-10-25,148.64,328.69,341.62,137.45,231.66,166.02
563,2021-10-26,149.32,315.81,339.48,139.31,247.17,168.8
562,2021-10-27,148.85,312.22,345.95,146.22,244.51,169.62
561,2021-10-28,152.57,316.92,359.01,145.85,249.41,172.33
560,2021-10-29,149.8,323.57,371.33,148.05,255.67,168.62
559,2021-11-01,148.96,329.98,402.86,143.5,258.27,165.91
558,2021-11-02,150.02,328.08,390.67,145.43,264.01,165.64
557,2021-11-03,151.49,331.62,404.62,146.6,265.98,169.2
556,2021-11-04,150.96,335.85,409.97,148.27,298.01,173.85
555,2021-11-05,151.28,341.13,407.36,148.85,297.52,175.95
554,2021-11-08,150.44,338.62,387.65,149.03,308.04,174.45
553,2021-11-09,150.81,335.37,341.17,148.92,306.57,178.81
552,2021-11-10,147.92,327.64,355.98,145.89,294.59,174.1
551,2021-11-11,147.87,327.74,354.5,145.77,303.9,173.62
550,2021-11-12,149.99,340.89,344.47,148.68,303.9,176.26
549,2021-11-15,150.0,347.56,337.8,148.45,300.25,177.28
548,2021-11-16,151.0,342.96,351.58,147.88,302.03,177.03
547,2021-11-17,153.49,340.77,363.0,148.05,292.61,177.45
546,2021-11-18,157.87,338.69,365.46,149.84,316.75,184.8
545,2021-11-19,160.55,345.3,379.02,148.93,329.85,183.83
544,2021-11-22,161.02,341.01,385.62,146.3,319.56,178.63
543,2021-11-23,161.41,337.25,369.68,145.78,317.46,179.0
542,2021-11-24,161.94,341.06,372.0,146.12,326.74,179.02
541,2021-11-29,160.24,338.03,379.0,145.53,333.76,178.08
540,2021-11-30,165.3,324.46,381.59,141.9,326.76,175.35
539,2021-12-01,164.77,310.6,365.0,141.05,314.35,172.19
538,2021-12-02,163.76,310.39,361.53,142.97,321.26,171.87
537,2021-12-03,161.84,306.84,338.32,142.0,306.93,169.49
536,2021-12-06,165.32,317.87,336.34,143.15,300.37,171.37
535,2021-12-07,171.18,322.81,350.58,147.27,324.27,176.16
534,2021-12-08,175.08,330.56,356.32,148.19,318.26,176.16
533,2021-12-09,174.56,329.82,334.6,147.64,304.9,174.17
532,2021-12-10,179.45,329.75,339.01,148.0,301.98,172.21
531,2021-12-13,175.74,334.49,322.14,145.83,281.61,169.57
530,2021-12-14,174.33,333.74,319.5,143.91,283.37,169.09
529,2021-12-15,179.3,341.66,325.33,146.44,304.59,173.31
528,2021-12-16,172.26,334.9,308.97,144.45,283.87,168.87
527,2021-12-17,171.14,333.79,310.86,141.73,278.01,170.02
526,2021-12-20,169.75,325.45,299.98,141.61,277.19,167.08
525,2021-12-21,172.99,334.2,312.84,143.47,290.75,170.42
524,2021-12-22,175.64,330.45,336.29,146.41,294.0,171.04
523,2021-12-23,176.28,335.24,355.67,146.92,296.4,171.07
522,2021-12-27,180.33,346.18,364.65,147.91,309.45,169.67
521,2021-12-28,179.29,346.22,362.82,146.69,303.22,170.66
520,2021-12-29,179.38,342.94,362.06,146.65,300.01,169.2
519,2021-12-30,178.2,344.36,356.78,146.2,295.86,168.64
518,2021-12-31,177.57,336.35,352.26,144.85,294.11,166.72
517,2022-01-03,182.01,338.54,399.93,144.99,301.21,170.4
516,2022-01-04,179.7,336.53,383.2,144.4,292.9,167.52
515,2022-01-05,174.92,324.17,362.71,137.77,276.04,164.36
514,2022-01-06,172.0,332.46,354.9,137.75,281.78,163.25
513,2022-01-07,172.17,331.79,342.32,137.02,272.47,162.55
512,2022-01-10,172.19,328.07,352.71,138.67,274.0,161.49
511,2022-01-11,175.08,334.37,354.8,139.74,278.17,165.36
510,2022-01-12,175.53,333.26,368.74,141.43,279.99,165.21
509,2022-01-13,172.19,326.48,343.85,138.59,265.75,161.21
508,2022-01-14,173.07,331.9,349.87,139.48,269.42,162.14
507,2022-01-19,166.23,319.59,331.88,135.12,250.67,156.3
506,2022-01-20,164.51,316.56,332.09,133.31,241.5,151.67
505,2022-01-21,162.41,303.17,314.63,130.35,233.74,142.64
504,2022-01-24,161.62,308.71,310.0,130.8,233.72,144.54
503,2022-01-25,159.78,300.15,306.13,126.93,223.24,139.99
502,2022-01-26,159.69,294.63,312.47,129.23,227.72,138.87
501,2022-01-27,159.22,294.64,276.37,129.01,219.44,139.64
500,2022-01-28,170.33,301.71,282.12,133.35,228.4,143.98
499,2022-01-31,174.78,313.26,312.24,135.3,244.86,149.57
498,2022-02-01,174.61,319.0,310.42,137.64,246.38,151.19
497,2022-02-02,175.84,323.0,301.89,148.0,252.42,150.61
496,2022-02-03,172.9,237.76,297.05,143.09,239.48,138.85
495,2022-02-04,172.39,237.09,307.77,143.29,243.19,157.64
494,2022-02-07,171.66,224.91,302.45,139.2,247.28,157.94
493,2022-02-08,174.83,220.18,307.33,139.4,251.08,161.41
492,2022-02-09,176.28,232.0,310.67,141.59,267.05,161.19
491,2022-02-10,172.12,228.07,301.52,138.62,258.24,159.0
490,2022-02-11,168.64,219.55,286.67,134.28,239.49,153.29
489,2022-02-14,168.88,217.7,291.92,135.53,242.67,155.17
488,2022-02-15,172.79,221.0,307.48,136.61,264.95,156.51
487,2022-02-16,172.55,216.54,307.8,137.74,265.11,158.1
486,2022-02-17,168.88,207.71,292.12,132.54,245.07,154.65
485,2022-02-18,167.3,206.16,285.66,130.4,236.42,152.6
484,2022-02-23,160.07,198.45,254.68,127.59,223.87,144.83
483,2022-02-24,162.74,207.6,266.92,132.69,237.48,151.36
482,2022-02-25,164.85,210.48,269.96,134.46,241.57,153.79
481,2022-02-28,165.12,211.03,290.14,135.06,243.85,153.56
480,2022-03-01,163.2,203.49,288.12,134.06,234.77,151.14
479,2022-03-02,166.56,208.11,293.3,134.57,242.2,152.05
478,2022-03-03,166.23,202.97,279.76,133.9,237.14,147.9
477,2022-03-04,163.17,200.06,279.43,131.91,229.36,145.64
476,2022-03-07,159.3,187.47,268.19,126.38,213.52,137.45
475,2022-03-08,157.44,190.29,274.8,127.1,215.14,136.01
474,2022-03-09,162.95,198.5,286.32,133.42,230.14,139.28
473,2022-03-10,158.52,195.21,279.43,132.43,226.58,146.82
472,2022-03-11,154.73,187.61,265.12,129.87,221.0,145.52
471,2022-03-14,150.62,186.63,255.46,125.95,213.3,141.85
470,2022-03-15,155.09,192.03,267.3,129.2,229.73,147.37
469,2022-03-16,159.59,203.63,280.08,133.28,244.96,153.1
468,2022-03-17,160.62,207.84,290.53,133.84,247.66,157.24
467,2022-03-18,163.98,216.49,301.8,136.13,264.53,161.25
466,2022-03-21,165.38,211.49,307.05,136.1,267.34,161.49
465,2022-03-22,168.82,216.65,331.33,139.87,265.24,164.89
464,2022-03-23,170.21,213.46,333.04,138.28,256.34,163.41
463,2022-03-24,174.07,219.57,337.97,141.57,281.5,163.65
462,2022-03-25,174.72,221.82,336.88,141.67,276.92,164.77
461,2022-03-28,175.6,223.59,363.95,141.46,282.19,168.99
460,2022-03-29,178.96,229.86,366.52,142.51,286.56,169.31
459,2022-03-30,177.77,227.85,364.66,141.94,276.9,166.3
458,2022-03-31,174.61,222.36,359.2,139.07,272.86,163.0
457,2022-04-01,174.31,224.85,361.53,140.15,267.12,163.56
456,2022-04-04,178.44,233.89,381.82,142.97,273.6,168.35
455,2022-04-05,175.06,231.84,363.75,140.59,259.31,164.06
454,2022-04-06,171.83,223.3,348.59,136.55,244.07,158.76
453,2022-04-07,172.14,222.95,352.42,135.89,242.08,157.78
452,2022-04-08,170.09,222.33,341.83,133.29,231.19,154.46
451,2022-04-11,165.75,216.46,325.31,128.82,219.17,151.12
450,2022-04-12,167.66,214.14,328.98,127.71,215.04,150.79
449,2022-04-13,170.4,214.99,340.79,129.89,222.03,155.54
448,2022-04-14,165.29,210.18,328.33,126.73,212.58,151.71
447,2022-04-18,165.07,210.77,334.76,127.68,217.83,152.78
446,2022-04-19,167.4,217.31,342.72,130.01,221.98,158.12
445,2022-04-20,167.23,200.42,325.73,128.04,214.82,154.0
444,2022-04-21,166.42,188.07,336.26,124.81,201.83,148.3
443,2022-04-22,161.79,184.11,335.02,119.64,195.15,144.35
442,2022-04-25,162.88,186.99,332.67,123.07,199.02,146.07
441,2022-04-26,156.8,180.95,292.14,118.65,187.88,139.39
440,2022-04-27,156.57,174.95,293.84,114.29,184.15,138.17
439,2022-04-28,163.64,205.73,292.5,118.52,197.82,144.6
438,2022-04-29,157.65,200.47,290.25,114.11,185.47,124.28
437,2022-05-02,157.96,211.13,300.98,116.58,195.33,124.5
436,2022-05-03,159.48,212.03,303.08,117.33,196.02,124.25
435,2022-05-04,166.02,223.41,317.54,122.26,203.34,125.93
434,2022-05-05,156.77,208.28,291.09,116.51,188.44,116.41
433,2022-05-06,157.28,203.77,288.55,115.75,186.75,114.77
432,2022-05-09,152.06,196.21,262.37,112.51,169.5,108.79
431,2022-05-10,154.51,197.65,266.68,114.39,175.95,108.86
430,2022-05-11,146.5,188.74,244.67,113.6,166.3,105.37
429,2022-05-12,142.56,191.24,242.67,112.84,161.75,106.93
428,2022-05-13,147.11,198.62,256.53,116.05,177.06,113.06
427,2022-05-16,145.54,200.04,241.46,114.44,172.64,110.81
426,2022-05-17,149.24,202.62,253.87,116.47,181.77,115.37
425,2022-05-18,140.82,192.24,236.6,111.9,169.38,107.11
424,2022-05-19,137.35,191.29,236.47,110.38,171.24,107.32
423,2022-05-20,137.59,193.54,221.3,108.91,166.94,107.59
422,2022-05-23,143.11,196.23,224.97,111.49,168.98,107.56
421,2022-05-24,140.36,181.28,209.39,105.97,161.54,104.1
420,2022-05-25,140.52,183.83,219.6,105.81,169.75,106.78
419,2022-05-26,143.78,191.63,235.91,107.79,178.51,111.08
418,2022-05-27,149.64,195.13,253.21,112.32,188.11,115.15
417,2022-06-01,148.71,188.64,246.79,113.89,183.2,121.68
416,2022-06-02,151.21,198.86,258.33,117.62,195.92,125.51
415,2022-06-03,145.38,190.78,234.52,114.54,187.2,122.35
414,2022-06-06,146.14,194.25,238.28,116.82,187.86,124.79
413,2022-06-07,148.71,195.65,238.89,117.15,189.26,123.0
412,2022-06-08,147.96,196.64,241.87,117.19,186.48,121.18
411,2022-06-09,142.64,184.0,239.71,114.84,180.48,116.15
410,2022-06-10,137.13,175.57,232.23,111.16,169.74,109.65
409,2022-06-13,131.88,164.26,215.74,106.39,156.47,103.67
408,2022-06-14,132.76,163.73,220.89,106.72,158.36,102.31
407,2022-06-15,135.43,169.35,233.0,109.76,165.27,107.67
406,2022-06-16,130.06,160.87,213.1,106.03,156.01,103.66
405,2022-06-17,131.56,163.74,216.76,107.14,158.8,106.22
404,2022-06-22,135.35,155.85,236.09,111.49,163.6,108.95
403,2022-06-23,138.27,158.75,235.07,112.24,162.25,112.44
402,2022-06-24,141.66,170.16,245.71,117.97,171.26,116.46
401,2022-06-27,141.66,169.49,244.92,115.83,168.69,113.22
400,2022-06-28,137.44,160.68,232.66,112.01,159.82,107.4
399,2022-06-29,139.23,163.94,228.49,111.7,155.42,108.92
398,2022-06-30,136.72,161.25,224.47,108.96,151.59,106.21
397,2022-07-01,138.93,160.03,227.26,108.74,145.23,109.56
396,2022-07-06,142.92,169.77,231.73,114.57,151.3,114.33
395,2022-07-07,146.35,172.19,244.54,118.78,158.58,116.33
394,2022-07-08,147.04,170.88,250.76,119.35,158.38,115.54
393,2022-07-11,144.87,162.88,234.34,115.68,151.52,111.75
392,2022-07-12,145.86,163.27,233.07,114.02,150.82,109.22
391,2022-07-13,145.49,163.49,237.04,111.35,151.64,110.4
390,2022-07-14,148.47,158.05,238.31,110.37,153.72,110.63
389,2022-07-15,150.17,164.7,240.07,111.78,157.62,113.55
388,2022-07-18,147.07,167.23,240.55,109.03,161.01,113.76
387,2022-07-19,151.0,175.78,245.53,113.81,169.92,118.21
386,2022-07-20,153.04,183.09,247.5,113.9,178.07,122.77
385,2022-07-21,155.35,183.17,271.71,114.34,180.5,124.63
384,2022-07-22,154.09,169.27,272.24,107.9,173.19,122.42
383,2022-07-25,152.95,166.65,268.43,107.51,170.24,121.14
382,2022-07-26,151.6,159.15,258.86,105.02,165.33,114.81
381,2022-07-27,156.79,169.58,274.82,113.06,177.9,120.97
380,2022-07-28,157.35,160.72,280.9,114.22,179.84,122.28
379,2022-07-29,162.51,159.1,297.15,116.32,181.63,134.95
378,2022-08-01,161.51,159.93,297.28,114.86,184.41,135.39
377,2022-08-02,160.01,160.19,300.59,115.13,185.26,134.16
376,2022-08-03,166.13,168.8,307.4,118.08,188.93,139.52
375,2022-08-04,165.81,170.57,308.63,118.19,192.15,142.57
374,2022-08-05,165.35,167.11,288.17,117.47,189.89,140.8
373,2022-08-08,164.87,170.25,290.42,117.3,177.93,139.41
372,2022-08-09,164.92,168.53,283.33,116.63,170.86,137.83
371,2022-08-10,169.24,178.34,294.36,119.7,180.97,142.69
370,2022-08-11,168.49,177.49,286.63,118.84,179.42,140.64
369,2022-08-12,172.1,180.5,300.03,121.68,187.09,143.55
368,2022-08-15,173.19,180.89,309.32,122.08,190.32,143.18
367,2022-08-16,173.03,179.47,306.56,121.7,188.79,144.78
366,2022-08-17,174.55,174.85,304.0,119.55,183.35,142.1
365,2022-08-18,174.15,174.66,302.87,120.17,187.73,142.3
364,2022-08-19,171.52,167.96,296.67,117.21,178.49,138.23
363,2022-08-22,167.57,163.05,289.91,114.24,170.34,133.22
362,2022-08-23,167.23,161.11,296.45,113.86,171.81,133.62
361,2022-08-24,167.53,163.26,297.1,113.69,172.22,133.8
360,2022-08-25,170.03,168.78,296.07,116.65,179.13,137.28
359,2022-08-26,163.62,161.78,288.09,110.34,162.6,130.75
358,2022-08-29,161.38,159.17,284.82,109.42,158.01,129.79
357,2022-08-30,158.91,157.16,277.7,108.94,154.68,128.73
356,2022-08-31,157.22,162.93,275.61,108.22,150.94,126.77
355,2022-09-01,157.96,165.36,277.16,109.74,139.37,127.82
354,2022-09-02,155.81,160.32,270.21,107.85,136.47,127.51
353,2022-09-07,155.96,160.39,283.7,109.45,137.14,129.48
352,2022-09-08,154.46,162.06,289.26,108.38,139.9,129.82
351,2022-09-09,157.37,169.15,299.68,110.65,143.87,133.27
350,2022-09-12,163.43,168.96,304.42,110.86,145.05,136.45
349,2022-09-13,153.84,153.13,292.13,104.32,131.31,126.82
348,2022-09-14,155.31,151.47,302.61,105.0,131.28,128.55
347,2022-09-15,152.37,149.55,303.75,102.91,129.29,126.28
346,2022-09-16,150.7,146.29,303.35,102.8,131.98,123.53
345,2022-09-19,154.48,148.02,309.07,103.07,133.82,124.66
344,2022-09-20,156.9,146.09,308.73,101.14,131.76,122.19
343,2022-09-21,153.72,142.12,300.8,99.28,132.61,118.54
342,2022-09-22,152.74,142.82,288.59,100.14,125.61,117.31
341,2022-09-23,150.43,140.41,275.33,98.74,125.16,113.78
340,2022-09-26,150.77,136.37,276.01,98.17,122.28,115.15
339,2022-09-27,151.76,134.4,282.94,97.5,124.13,114.41
338,2022-09-28,149.84,141.61,287.81,100.05,127.36,118.01
337,2022-09-29,142.48,136.41,268.21,97.42,122.2,114.8
336,2022-09-30,138.2,135.68,265.25,95.65,121.39,113.0
335,2022-10-03,142.45,138.61,242.4,98.64,125.12,115.88
334,2022-10-04,146.1,140.28,249.44,101.64,131.67,121.09
333,2022-10-05,146.4,138.98,240.81,101.43,132.09,120.95
332,2022-10-06,145.43,139.07,238.13,101.42,131.3,120.3
331,2022-10-07,140.09,133.45,223.07,98.68,120.76,114.56
330,2022-10-10,140.42,133.79,222.96,97.86,116.7,113.67
329,2022-10-11,138.98,128.54,216.5,97.18,115.86,112.21
328,2022-10-12,138.34,127.5,217.24,97.56,115.0,112.9
327,2022-10-13,142.99,130.29,221.72,99.06,119.6,112.53
326,2022-10-14,138.38,126.76,204.99,96.56,112.27,106.9
325,2022-10-17,142.41,134.04,219.35,99.97,118.88,113.79
324,2022-10-18,143.75,132.8,220.19,100.77,119.67,116.36
323,2022-10-19,143.86,133.23,222.04,99.63,120.51,115.07
322,2022-10-20,143.39,131.53,207.28,99.97,121.94,115.25
321,2022-10-21,147.27,130.01,214.44,101.13,124.66,119.32
320,2022-10-24,149.45,129.72,211.25,102.52,125.99,119.82
319,2022-10-25,152.34,137.51,222.41,104.48,132.61,120.6
318,2022-10-26,149.35,129.82,224.64,94.93,128.96,115.66
317,2022-10-27,144.8,97.94,225.09,92.22,131.76,110.96
316,2022-10-28,155.74,99.2,228.52,96.29,138.34,103.41
315,2022-10-31,153.34,93.16,227.54,94.51,134.97,102.44
314,2022-11-01,150.65,95.2,227.82,90.47,135.43,96.79
313,2022-11-02,145.03,90.54,214.98,86.97,132.19,92.12
312,2022-11-03,138.88,88.91,215.31,83.43,134.21,89.3
311,2022-11-04,138.38,90.79,207.47,86.58,141.56,90.98
310,2022-11-07,138.92,96.72,197.08,88.49,143.01,90.53
309,2022-11-08,139.5,96.47,191.3,88.9,146.02,89.98
308,2022-11-09,134.87,101.47,177.59,87.32,137.76,86.14
307,2022-11-10,146.87,111.87,190.72,93.94,157.5,96.63
306,2022-11-11,149.7,113.02,195.97,96.41,163.27,100.79
305,2022-11-14,148.28,114.22,190.95,95.7,162.95,98.49
304,2022-11-15,150.04,117.08,194.42,98.44,166.66,98.94
303,2022-11-16,148.79,113.23,186.92,98.85,159.1,97.12
302,2022-11-17,150.72,111.45,183.17,98.36,156.77,94.85
301,2022-11-18,151.29,112.05,180.19,97.43,154.09,94.14
300,2022-11-21,148.01,109.86,167.87,95.6,153.17,92.46
299,2022-11-22,150.18,111.44,169.91,97.05,160.38,93.2
298,2022-11-23,151.07,112.24,183.2,98.46,165.19,94.13
297,2022-11-25,148.11,111.41,182.86,97.46,162.7,93.41
296,2022-11-28,144.22,108.78,182.92,96.05,158.27,93.95
295,2022-11-29,141.17,109.46,180.83,95.19,156.39,92.42
294,2022-11-30,148.03,118.1,194.7,100.99,169.23,96.54
293,2022-12-01,148.31,120.44,194.7,100.99,171.35,95.5
292,2022-12-02,147.81,123.49,194.86,100.44,168.76,94.13
291,2022-12-05,146.63,122.43,182.45,99.48,166.1,91.01
290,2022-12-06,142.91,114.12,179.82,96.98,159.87,88.25
289,2022-12-07,140.94,113.93,174.04,94.94,161.2,88.46
288,2022-12-08,142.65,115.33,173.44,93.71,171.69,90.35
287,2022-12-09,142.16,115.9,179.05,92.83,170.01,89.09
286,2022-12-12,144.49,114.71,167.82,93.31,175.35,90.55
285,2022-12-13,145.47,120.15,160.95,95.63,180.72,92.49
284,2022-12-14,143.21,121.59,156.8,95.07,176.74,91.58
283,2022-12-15,136.5,116.15,157.67,90.86,169.52,88.45
282,2022-12-16,134.51,119.43,150.23,90.26,165.71,87.86
281,2022-12-19,132.37,114.48,149.87,88.44,162.54,84.92
280,2022-12-20,132.3,117.09,137.8,89.02,160.85,85.19
279,2022-12-21,135.45,119.76,137.57,89.58,165.01,86.77
278,2022-12-22,132.23,117.12,125.35,87.76,153.39,83.79
277,2022-12-23,131.86,118.04,123.15,89.23,152.06,85.25
276,2022-12-27,130.03,116.88,109.1,87.39,141.21,83.04
275,2022-12-28,126.04,115.62,112.71,86.02,140.36,81.82
274,2022-12-29,129.61,120.26,121.82,88.45,146.03,84.18
273,2022-12-30,129.93,120.34,123.18,88.23,146.14,84.0
272,2023-01-03,125.07,124.74,108.1,89.12,143.15,85.82
271,2023-01-04,126.36,127.37,113.64,88.08,147.49,85.14
270,2023-01-05,125.02,126.94,110.34,86.2,142.65,83.12
269,2023-01-06,129.62,130.02,113.06,87.34,148.59,86.08
268,2023-01-09,130.15,129.47,119.77,88.02,156.28,87.36
267,2023-01-10,130.73,132.99,118.85,88.42,159.09,89.87
266,2023-01-11,133.49,132.89,123.22,91.52,160.01,95.09
265,2023-01-12,133.41,136.71,123.56,91.13,165.11,95.27
264,2023-01-13,134.76,136.98,122.4,92.12,168.99,98.12
263,2023-01-17,135.94,135.36,131.49,91.29,177.02,96.05
262,2023-01-18,135.21,133.02,128.78,91.12,173.77,95.46
261,2023-01-19,135.27,136.15,127.17,93.05,167.65,93.68
260,2023-01-20,137.87,139.37,133.42,98.02,178.39,97.25
259,2023-01-23,141.11,143.27,143.75,99.79,191.93,97.52
258,2023-01-24,142.53,143.14,143.89,97.7,192.65,96.32
257,2023-01-25,141.86,141.5,144.43,95.22,193.23,97.18
256,2023-01-26,143.96,147.3,160.27,97.52,198.02,99.22
255,2023-01-27,145.93,151.74,177.9,99.37,203.65,102.24
254,2023-01-30,143.0,147.06,166.66,96.94,191.62,100.55
253,2023-01-31,144.29,148.97,173.22,98.84,195.37,103.13
252,2023-02-01,145.43,153.12,181.41,100.43,209.43,105.15
251,2023-02-02,150.82,188.77,188.27,107.74,217.09,112.91
250,2023-02-03,154.5,186.53,189.98,104.78,211.0,103.39
249,2023-02-06,151.73,186.06,194.76,102.9,210.89,102.18
248,2023-02-07,154.65,191.62,196.81,107.64,221.73,102.11
247,2023-02-08,151.92,183.43,201.29,99.37,222.05,100.05
246,2023-02-09,150.87,177.92,207.32,95.01,223.37,98.24
245,2023-02-10,151.01,174.15,196.89,94.57,212.65,97.61
244,2023-02-13,153.85,179.43,194.64,94.61,217.88,99.54
243,2023-02-14,153.2,179.48,209.25,94.68,229.71,99.7
242,2023-02-15,155.33,177.16,214.24,96.94,227.64,101.16
241,2023-02-16,153.71,172.44,202.04,95.51,220.02,98.15
240,2023-02-17,152.55,172.88,208.31,94.35,213.88,97.2
239,2023-02-21,148.48,172.08,197.37,91.79,206.55,94.58
238,2023-02-22,148.91,171.12,200.86,91.65,207.54,95.79
237,2023-02-23,149.4,172.04,202.07,90.89,236.64,95.82
236,2023-02-24,146.71,170.39,196.88,89.13,232.86,93.5
235,2023-02-27,147.92,169.54,207.63,89.87,235.01,93.76
234,2023-02-28,147.41,174.94,205.71,90.06,232.16,94.23
233,2023-03-01,145.31,173.42,202.77,90.36,226.98,92.17
232,2023-03-02,145.91,174.53,190.9,92.0,233.14,92.13
231,2023-03-03,151.03,185.25,197.79,93.65,238.9,94.9
230,2023-03-06,153.83,184.9,193.81,95.13,235.54,93.75
229,2023-03-07,151.6,184.51,187.71,93.86,232.88,93.55
228,2023-03-08,152.87,184.97,182.0,94.25,241.81,93.92
227,2023-03-09,150.59,181.69,172.92,92.32,234.36,92.25
226,2023-03-10,148.5,179.51,173.44,90.63,229.65,90.73
225,2023-03-13,150.47,180.9,174.48,91.11,229.66,92.43
224,2023-03-14,152.59,194.02,183.26,93.97,240.63,94.88
223,2023-03-15,152.99,197.75,180.45,96.11,242.28,96.2
222,2023-03-16,155.85,204.93,184.13,100.32,255.41,100.04
221,2023-03-17,155.0,195.61,180.13,101.62,257.25,98.95
220,2023-03-20,157.4,197.81,183.25,101.22,259.0,97.71
219,2023-03-21,159.28,202.16,197.58,104.92,261.99,100.61
218,2023-03-22,157.83,199.81,191.15,103.37,264.68,98.7
217,2023-03-23,158.93,204.28,192.22,105.6,271.91,98.71
216,2023-03-24,160.25,206.01,190.41,105.44,267.79,98.13
215,2023-03-27,158.28,202.84,191.81,102.46,265.31,98.04
214,2023-03-28,157.65,200.68,189.19,101.03,264.1,97.24
213,2023-03-29,160.77,205.35,193.88,101.39,269.84,100.25
212,2023-03-30,162.36,207.84,195.28,100.89,273.83,102.0
211,2023-03-31,164.9,211.94,207.46,103.73,277.77,103.29
210,2023-04-03,166.17,213.07,194.77,104.36,279.65,102.41
209,2023-04-04,165.63,214.72,192.58,104.72,274.53,103.95
208,2023-04-05,163.76,211.48,185.52,104.47,268.81,101.1
207,2023-04-06,164.66,216.1,185.06,108.42,270.37,102.06
206,2023-04-10,162.03,214.75,184.51,106.44,275.79,102.17
205,2023-04-11,160.8,213.85,186.79,105.35,271.69,99.92
204,2023-04-12,160.1,214.0,180.54,104.64,264.95,97.83
203,2023-04-13,165.56,220.35,185.9,107.43,264.63,102.4
202,2023-04-14,165.21,221.49,185.0,108.87,267.58,102.51
201,2023-04-17,165.23,218.86,187.04,105.97,270.02,102.74
200,2023-04-18,166.47,217.89,184.31,104.5,276.67,102.3
199,2023-04-19,167.63,215.7,180.59,104.18,279.31,104.3
198,2023-04-20,166.65,213.07,162.99,105.29,271.04,103.81
197,2023-04-21,165.02,212.89,165.08,105.41,271.19,106.96
196,2023-04-24,165.33,212.79,162.55,105.97,270.42,106.21
195,2023-04-25,163.77,207.55,160.67,103.85,262.41,102.57
194,2023-04-26,163.76,209.4,153.75,103.71,269.56,104.98
193,2023-04-27,168.41,238.56,160.19,107.59,272.26,109.82
192,2023-04-28,169.68,240.32,164.31,107.34,277.49,105.45
191,2023-05-01,169.59,243.18,161.83,107.2,289.1,102.05
190,2023-05-02,168.54,239.24,160.31,105.32,282.1,103.63
189,2023-05-03,167.45,237.03,160.61,105.41,278.02,103.65
188,2023-05-04,165.79,233.52,161.2,104.69,275.62,104.0
187,2023-05-05,173.57,232.78,170.06,105.57,286.8,105.65
186,2023-05-08,173.5,233.27,171.79,107.77,291.51,105.83
185,2023-05-09,171.77,233.37,169.15,107.35,285.71,106.62
184,2023-05-10,173.55,233.08,168.54,111.75,288.85,110.19
183,2023-05-11,173.75,235.79,172.08,116.57,285.78,112.18
182,2023-05-12,172.57,233.81,167.98,117.51,283.4,110.26
181,2023-05-15,172.07,238.86,166.35,116.51,289.53,111.2
180,2023-05-16,172.07,238.82,166.52,119.51,292.13,113.4
179,2023-05-17,172.69,242.49,173.86,120.84,301.78,115.5
178,2023-05-18,175.05,246.85,176.89,122.83,316.78,118.15
177,2023-05-19,175.16,245.64,180.14,122.76,312.64,116.25
176,2023-05-22,174.2,248.32,188.87,125.05,311.76,115.01
175,2023-05-23,171.56,246.74,185.77,122.56,306.88,114.99
174,2023-05-24,171.84,249.21,182.9,120.9,305.38,116.75
173,2023-05-25,172.99,252.69,184.47,123.48,379.8,115.0
172,2023-05-26,175.43,262.04,193.17,124.61,389.46,120.11
171,2023-05-30,177.3,262.52,201.16,123.67,401.11,121.66
170,2023-05-31,177.25,264.72,203.93,122.87,378.34,120.58
169,2023-06-01,180.09,272.61,207.52,123.72,397.7,122.77
168,2023-06-02,180.95,272.61,213.97,124.67,393.27,124.25
167,2023-06-05,179.58,271.39,217.61,126.01,391.71,125.3
166,2023-06-06,179.21,271.12,221.31,127.31,386.54,126.61
165,2023-06-07,177.82,263.6,224.57,122.5,374.75,121.23
164,2023-06-08,180.57,264.58,234.86,122.14,385.1,124.25
163,2023-06-09,180.96,264.95,244.4,122.23,387.7,123.43
162,2023-06-12,183.79,271.05,249.83,123.64,394.82,126.57
161,2023-06-13,183.31,271.32,258.71,123.83,410.22,126.66
160,2023-06-14,183.95,273.35,256.79,123.67,429.97,126.42
159,2023-06-15,186.01,281.83,255.9,125.09,426.53,127.11
158,2023-06-16,184.92,281.0,260.54,123.53,426.92,125.49
157,2023-06-20,185.01,284.33,274.45,123.1,438.08,125.78
156,2023-06-21,183.96,281.64,259.46,120.55,430.45,124.83
155,2023-06-22,187.0,284.88,264.61,123.15,430.25,130.15
154,2023-06-23,186.68,288.73,256.6,122.34,422.09,129.33
153,2023-06-26,185.27,278.47,241.05,118.34,406.32,127.33
152,2023-06-27,188.06,287.05,250.21,118.33,418.76,129.18
151,2023-06-28,189.25,285.29,256.24,120.18,411.17,129.04
150,2023-06-29,189.59,281.53,257.5,119.1,408.22,127.9
149,2023-06-30,193.97,286.98,261.77,119.7,423.02,130.36
148,2023-07-03,192.46,286.02,279.82,119.9,424.13,130.22
147,2023-07-05,191.33,294.37,282.48,121.75,423.17,130.38
146,2023-07-06,191.81,291.99,276.54,120.11,421.03,128.36
145,2023-07-07,190.68,290.53,274.43,119.48,425.03,129.78
144,2023-07-10,188.61,294.1,269.61,116.45,421.8,127.13
143,2023-07-11,188.08,298.29,269.79,117.14,424.05,128.78
142,2023-07-12,189.77,309.34,271.99,118.93,439.02,130.8
141,2023-07-13,190.54,313.41,277.9,124.54,459.77,134.3
140,2023-07-14,190.69,308.87,281.38,125.42,454.69,134.68
139,2023-07-17,193.99,310.62,290.38,124.65,464.61,133.56
138,2023-07-18,193.73,312.05,293.34,123.76,474.94,132.83
137,2023-07-19,195.1,316.01,291.26,122.03,470.77,135.36
136,2023-07-20,193.13,302.52,262.9,119.2,455.2,129.96
135,2023-07-21,191.94,294.26,260.02,120.02,443.09,130.0
134,2023-07-24,192.75,291.61,269.06,121.53,446.12,128.8
133,2023-07-25,193.62,294.47,265.28,122.21,456.79,129.13
132,2023-07-26,194.5,298.57,264.35,129.27,454.52,128.15
131,2023-07-27,193.22,311.71,255.71,129.4,459.0,128.25
130,2023-07-28,195.83,325.48,266.44,132.58,467.5,132.21
129,2023-07-31,196.45,318.6,267.43,132.72,467.29,133.68
128,2023-08-01,195.6,322.71,261.07,131.55,465.07,131.69
127,2023-08-02,192.58,314.31,254.11,128.38,442.69,128.21
126,2023-08-03,191.17,313.19,259.32,128.45,445.15,128.91
125,2023-08-04,181.99,310.73,253.86,128.11,446.8,139.57
124,2023-08-07,178.85,316.56,251.45,131.53,454.17,142.22
123,2023-08-08,179.8,312.64,249.7,131.4,446.64,139.94
122,2023-08-09,178.19,305.21,242.19,129.66,425.54,137.85
121,2023-08-10,177.97,305.74,245.34,129.69,423.88,138.56
120,2023-08-11,177.79,301.64,242.65,129.56,408.55,138.41
119,2023-08-14,179.46,306.19,239.76,131.33,437.53,140.57
118,2023-08-15,177.45,301.95,232.96,129.78,439.4,137.67
117,2023-08-16,176.57,294.29,225.6,128.7,434.86,135.07
116,2023-08-17,174.0,285.09,219.22,129.92,433.43,133.98
115,2023-08-18,174.49,283.25,215.49,127.46,432.99,133.22
114,2023-08-21,175.84,289.9,231.28,128.37,469.67,134.68
113,2023-08-22,177.23,287.6,233.19,129.08,456.68,134.25
112,2023-08-23,181.12,294.24,236.86,132.37,471.16,135.52
111,2023-08-24,176.38,286.75,230.04,129.78,471.63,131.84
110,2023-08-25,178.61,285.5,238.59,129.88,460.18,133.26
109,2023-08-28,180.19,290.26,238.82,131.01,468.35,133.14
108,2023-08-29,184.12,297.99,257.18,134.57,487.84,134.91
107,2023-08-30,187.65,295.1,256.9,135.88,492.64,135.07
106,2023-08-31,187.87,295.89,258.08,136.17,493.55,138.01
105,2023-09-01,189.46,296.38,245.01,135.66,485.09,138.12
104,2023-09-05,189.7,300.15,256.49,135.77,485.48,137.27
103,2023-09-06,182.91,299.17,251.92,134.46,470.61,135.36
102,2023-09-07,177.56,298.67,251.49,135.26,462.41,137.85
101,2023-09-08,178.18,297.89,248.5,136.38,455.72,138.23
100,2023-09-11,179.36,307.56,273.58,136.92,451.78,143.1
99,2023-09-12,176.3,301.66,267.48,135.34,448.7,141.23
98,2023-09-13,174.21,305.06,271.3,136.71,454.85,144.85
97,2023-09-14,175.74,311.72,276.04,138.1,455.81,144.72
96,2023-09-15,175.01,300.31,274.39,137.4,439.0,140.39
95,2023-09-18,177.97,302.55,265.28,138.21,439.66,139.98
94,2023-09-19,179.07,305.07,266.5,138.04,435.2,137.63
93,2023-09-20,175.49,299.67,262.59,133.74,422.39,135.29
92,2023-09-21,173.93,295.73,255.7,130.44,410.17,129.33
91,2023-09-22,174.79,299.08,244.88,130.25,416.1,129.12
90,2023-09-25,176.08,300.83,246.99,131.11,422.22,131.27
89,2023-09-26,171.96,298.96,244.12,128.57,419.11,125.98
88,2023-09-27,170.43,297.74,240.5,130.54,424.68,125.98
87,2023-09-28,170.69,303.96,246.38,132.31,430.89,125.98
86,2023-09-29,171.21,300.21,250.22,130.86,434.99,127.12
85,2023-10-02,173.75,306.82,251.6,134.17,447.82,129.46
84,2023-10-03,172.4,300.94,246.53,132.43,435.17,124.72
83,2023-10-04,173.66,305.58,261.16,135.24,440.41,127.0
82,2023-10-05,174.91,304.79,260.05,135.07,446.88,125.96
81,2023-10-06,177.49,315.43,260.53,137.58,457.62,127.96
80,2023-10-09,178.99,318.36,259.67,138.42,452.73,128.26
79,2023-10-10,178.39,321.84,263.62,138.06,457.98,129.48
78,2023-10-11,179.8,327.82,262.99,140.55,468.06,131.83
77,2023-10-12,180.71,324.16,258.87,138.97,469.45,132.33
76,2023-10-13,178.85,314.69,251.12,137.36,454.61,129.79
75,2023-10-16,178.72,321.15,253.92,139.1,460.95,132.55
74,2023-10-17,177.15,324.0,254.85,139.72,439.38,131.47
73,2023-10-18,175.84,316.97,242.68,137.96,421.96,128.13
72,2023-10-19,175.46,312.81,220.11,137.75,421.01,128.4
71,2023-10-20,172.88,308.65,211.99,135.6,413.87,125.17
70,2023-10-23,173.0,314.01,212.08,136.5,429.75,126.56
69,2023-10-24,173.44,312.55,216.52,138.81,436.63,128.56
68,2023-10-25,171.1,299.53,212.42,125.61,417.79,121.39
67,2023-10-26,166.89,288.35,205.76,122.28,403.26,119.57
66,2023-10-27,168.22,296.73,207.3,122.17,405.0,127.74
65,2023-10-30,170.29,302.66,197.36,124.46,411.61,132.71
64,2023-10-31,170.77,301.27,200.84,124.08,407.8,133.09
63,2023-11-01,173.97,311.85,205.66,126.45,423.25,137.0
62,2023-11-02,177.57,310.87,218.51,127.49,435.06,138.07
61,2023-11-03,176.65,314.6,219.96,129.1,450.05,138.6
60,2023-11-06,179.23,315.8,219.27,130.25,457.51,139.74
59,2023-11-07,181.82,318.82,222.18,130.97,459.55,142.71
58,2023-11-08,182.89,319.78,222.11,131.84,465.74,142.08
57,2023-11-09,182.41,320.55,209.98,130.24,469.5,140.6
56,2023-11-10,186.4,328.77,214.65,132.59,483.35,143.56
55,2023-11-13,184.8,329.19,223.71,132.09,486.2,142.59
54,2023-11-14,187.44,336.31,237.41,133.62,496.56,145.8
53,2023-11-15,188.01,332.71,242.84,134.62,488.88,143.2
52,2023-11-16,189.71,334.19,233.59,136.93,494.8,142.83
51,2023-11-17,189.69,335.04,234.3,135.31,492.98,145.18
50,2023-11-20,191.45,339.97,235.6,136.25,504.09,146.13
49,2023-11-21,190.64,336.98,241.2,136.97,499.44,143.9
48,2023-11-22,191.31,341.49,234.21,138.49,487.16,146.71
47,2023-11-24,189.97,338.23,235.45,136.69,477.76,146.74
46,2023-11-27,189.79,334.7,236.08,136.41,482.42,147.73
45,2023-11-28,190.4,338.99,246.72,137.2,478.21,147.03
44,2023-11-29,189.37,332.2,244.14,134.99,481.4,146.32
43,2023-11-30,189.95,327.15,240.08,132.53,467.7,146.09
42,2023-12-01,191.24,324.82,238.83,131.86,467.65,147.03
41,2023-12-04,189.43,320.02,235.58,129.27,455.1,144.84
40,2023-12-05,193.42,318.29,238.72,130.99,465.66,146.88
39,2023-12-06,192.32,317.45,239.37,130.02,455.03,144.52
38,2023-12-07,194.27,326.59,242.64,136.93,465.96,146.88
37,2023-12-08,195.71,332.75,243.84,134.99,475.06,147.42
36,2023-12-11,193.18,325.28,239.74,133.29,466.27,145.89
35,2023-12-12,194.71,334.22,237.01,132.52,476.57,147.48
34,2023-12-13,197.96,334.74,239.29,132.57,480.88,148.84
33,2023-12-14,198.11,333.17,251.05,131.94,483.5,147.42
32,2023-12-15,197.57,334.92,253.5,132.6,488.9,149.97
31,2023-12-18,195.89,344.62,252.08,135.8,500.77,154.07
30,2023-12-19,196.94,350.36,257.22,136.65,496.04,153.79
29,2023-12-20,194.83,349.28,247.14,138.34,481.11,152.12
28,2023-12-21,194.68,354.09,254.5,140.42,489.9,153.84
27,2023-12-22,193.6,353.39,252.54,141.49,488.3,153.42
26,2023-12-26,193.05,354.83,256.61,141.52,492.79,153.41
25,2023-12-27,193.15,357.83,261.44,140.37,494.17,153.34
24,2023-12-28,193.58,358.32,253.18,140.23,495.22,153.38
23,2023-12-29,192.53,353.96,248.48,139.69,495.22,151.94
22,2024-01-02,185.64,346.29,248.42,138.17,481.68,149.93
21,2024-01-03,184.25,344.47,238.45,138.92,475.69,148.47
20,2024-01-04,181.91,347.12,237.93,136.39,479.98,144.57
19,2024-01-05,181.18,351.95,237.49,135.73,490.97,145.24
18,2024-01-08,185.56,358.66,240.45,138.84,522.53,149.1
17,2024-01-09,185.14,357.43,234.96,140.95,531.4,151.37
16,2024-01-10,186.19,370.47,233.94,142.28,543.5,153.73
15,2024-01-11,185.59,369.67,227.22,142.08,548.22,155.18
14,2024-01-12,185.92,374.49,218.89,142.65,547.1,154.62
13,2024-01-16,183.63,367.46,219.91,142.49,563.82,153.16
12,2024-01-17,182.68,368.37,215.55,141.47,560.53,151.71
11,2024-01-18,188.63,376.13,211.88,143.48,571.07,153.5
10,2024-01-19,191.56,383.45,212.19,146.38,594.91,155.34
9,2024-01-22,193.89,381.78,208.8,145.99,596.54,154.78
8,2024-01-23,195.18,385.2,209.14,147.04,598.73,156.02
7,2024-01-24,194.5,390.7,207.83,148.7,613.62,156.87
6,2024-01-25,194.17,393.18,182.63,151.87,616.17,157.75
5,2024-01-26,192.42,394.14,183.25,152.18,610.31,159.12
4,2024-01-29,191.73,401.02,190.93,153.51,624.65,161.26
3,2024-01-30,188.04,400.06,191.59,151.46,627.74,159.0
2,2024-01-31,184.4,390.14,187.29,140.1,615.27,155.2
1,2024-02-01,186.86,394.78,188.86,141.16,630.27,159.28
0,2024-02-02,185.85,474.99,187.91,142.38,661.6,171.81
